[
 {
   "DATE": "2020-04-01",
   "CUM_DEATHS_NEW_METHODOLOGY": 0
 },
 {
   "DATE": "2020-04-02",
   "CUM_DEATHS_NEW_METHODOLOGY": 53
 },
 {
   "DATE": "2020-04-03",
   "CUM_DEATHS_NEW_METHODOLOGY": 67
 },
 {
   "DATE": "2020-04-04",
   "CUM_DEATHS_NEW_METHODOLOGY": 94
 },
 {
   "DATE": "2020-04-05",
   "CUM_DEATHS_NEW_METHODOLOGY": 119
 },
 {
   "DATE": "2020-04-06",
   "CUM_DEATHS_NEW_METHODOLOGY": 132
 },
 {
   "DATE": "2020-04-07",
   "CUM_DEATHS_NEW_METHODOLOGY": 152
 },
 {
   "DATE": "2020-04-08",
   "CUM_DEATHS_NEW_METHODOLOGY": 173
 },
 {
   "DATE": "2020-04-09",
   "CUM_DEATHS_NEW_METHODOLOGY": 199
 },
 {
   "DATE": "2020-04-10",
   "CUM_DEATHS_NEW_METHODOLOGY": 221
 },
 {
   "DATE": "2020-04-11",
   "CUM_DEATHS_NEW_METHODOLOGY": 252
 },
 {
   "DATE": "2020-04-12",
   "CUM_DEATHS_NEW_METHODOLOGY": 273
 },
 {
   "DATE": "2020-04-13",
   "CUM_DEATHS_NEW_METHODOLOGY": 290
 },
 {
   "DATE": "2020-04-14",
   "CUM_DEATHS_NEW_METHODOLOGY": 333
 },
 {
   "DATE": "2020-04-15",
   "CUM_DEATHS_NEW_METHODOLOGY": 384
 },
 {
   "DATE": "2020-04-16",
   "CUM_DEATHS_NEW_METHODOLOGY": 421
 },
 {
   "DATE": "2020-04-17",
   "CUM_DEATHS_NEW_METHODOLOGY": 475
 },
 {
   "DATE": "2020-04-18",
   "CUM_DEATHS_NEW_METHODOLOGY": 511
 },
 {
   "DATE": "2020-04-19",
   "CUM_DEATHS_NEW_METHODOLOGY": 550
 },
 {
   "DATE": "2020-04-20",
   "CUM_DEATHS_NEW_METHODOLOGY": 581
 },
 {
   "DATE": "2020-04-21",
   "CUM_DEATHS_NEW_METHODOLOGY": 619
 },
 {
   "DATE": "2020-04-22",
   "CUM_DEATHS_NEW_METHODOLOGY": 656
 },
 {
   "DATE": "2020-04-23",
   "CUM_DEATHS_NEW_METHODOLOGY": 710
 },
 {
   "DATE": "2020-04-24",
   "CUM_DEATHS_NEW_METHODOLOGY": 760
 },
 {
   "DATE": "2020-04-25",
   "CUM_DEATHS_NEW_METHODOLOGY": 807
 },
 {
   "DATE": "2020-04-26",
   "CUM_DEATHS_NEW_METHODOLOGY": 830
 },
 {
   "DATE": "2020-04-27",
   "CUM_DEATHS_NEW_METHODOLOGY": 886
 },
 {
   "DATE": "2020-04-28",
   "CUM_DEATHS_NEW_METHODOLOGY": 945
 },
 {
   "DATE": "2020-04-29",
   "CUM_DEATHS_NEW_METHODOLOGY": 990
 },
 {
   "DATE": "2020-04-30",
   "CUM_DEATHS_NEW_METHODOLOGY": 1074
 },
 {
   "DATE": "2020-05-01",
   "CUM_DEATHS_NEW_METHODOLOGY": 1112
 },
 {
   "DATE": "2020-05-02",
   "CUM_DEATHS_NEW_METHODOLOGY": 1166
 },
 {
   "DATE": "2020-05-03",
   "CUM_DEATHS_NEW_METHODOLOGY": 1205
 },
 {
   "DATE": "2020-05-04",
   "CUM_DEATHS_NEW_METHODOLOGY": 1289
 },
 {
   "DATE": "2020-05-05",
   "CUM_DEATHS_NEW_METHODOLOGY": 1349
 },
 {
   "DATE": "2020-05-06",
   "CUM_DEATHS_NEW_METHODOLOGY": 1417
 },
 {
   "DATE": "2020-05-07",
   "CUM_DEATHS_NEW_METHODOLOGY": 1464
 },
 {
   "DATE": "2020-05-08",
   "CUM_DEATHS_NEW_METHODOLOGY": 1527
 },
 {
   "DATE": "2020-05-09",
   "CUM_DEATHS_NEW_METHODOLOGY": 1585
 },
 {
   "DATE": "2020-05-10",
   "CUM_DEATHS_NEW_METHODOLOGY": 1620
 },
 {
   "DATE": "2020-05-11",
   "CUM_DEATHS_NEW_METHODOLOGY": 1655
 },
 {
   "DATE": "2020-05-12",
   "CUM_DEATHS_NEW_METHODOLOGY": 1711
 },
 {
   "DATE": "2020-05-13",
   "CUM_DEATHS_NEW_METHODOLOGY": 1749
 },
 {
   "DATE": "2020-05-14",
   "CUM_DEATHS_NEW_METHODOLOGY": 1782
 },
 {
   "DATE": "2020-05-15",
   "CUM_DEATHS_NEW_METHODOLOGY": 1809
 },
 {
   "DATE": "2020-05-16",
   "CUM_DEATHS_NEW_METHODOLOGY": 1842
 },
 {
   "DATE": "2020-05-17",
   "CUM_DEATHS_NEW_METHODOLOGY": 1865
 },
 {
   "DATE": "2020-05-18",
   "CUM_DEATHS_NEW_METHODOLOGY": 1888
 },
 {
   "DATE": "2020-05-19",
   "CUM_DEATHS_NEW_METHODOLOGY": 1902
 },
 {
   "DATE": "2020-05-20",
   "CUM_DEATHS_NEW_METHODOLOGY": 1945
 },
 {
   "DATE": "2020-05-21",
   "CUM_DEATHS_NEW_METHODOLOGY": 1976
 },
 {
   "DATE": "2020-05-22",
   "CUM_DEATHS_NEW_METHODOLOGY": 2003
 },
 {
   "DATE": "2020-05-23",
   "CUM_DEATHS_NEW_METHODOLOGY": 2028
 },
 {
   "DATE": "2020-05-24",
   "CUM_DEATHS_NEW_METHODOLOGY": 2053
 },
 {
   "DATE": "2020-05-25",
   "CUM_DEATHS_NEW_METHODOLOGY": 2082
 },
 {
   "DATE": "2020-05-26",
   "CUM_DEATHS_NEW_METHODOLOGY": 2103
 },
 {
   "DATE": "2020-05-27",
   "CUM_DEATHS_NEW_METHODOLOGY": 2135
 },
 {
   "DATE": "2020-05-28",
   "CUM_DEATHS_NEW_METHODOLOGY": 2169
 },
 {
   "DATE": "2020-05-29",
   "CUM_DEATHS_NEW_METHODOLOGY": 2210
 },
 {
   "DATE": "2020-05-30",
   "CUM_DEATHS_NEW_METHODOLOGY": 2227
 },
 {
   "DATE": "2020-05-31",
   "CUM_DEATHS_NEW_METHODOLOGY": 2246
 },
 {
   "DATE": "2020-06-01",
   "CUM_DEATHS_NEW_METHODOLOGY": 2256
 },
 {
   "DATE": "2020-06-02",
   "CUM_DEATHS_NEW_METHODOLOGY": 2273
 },
 {
   "DATE": "2020-06-03",
   "CUM_DEATHS_NEW_METHODOLOGY": 2292
 },
 {
   "DATE": "2020-06-04",
   "CUM_DEATHS_NEW_METHODOLOGY": 2337
 },
 {
   "DATE": "2020-06-05",
   "CUM_DEATHS_NEW_METHODOLOGY": 2352
 },
 {
   "DATE": "2020-06-06",
   "CUM_DEATHS_NEW_METHODOLOGY": 2384
 },
 {
   "DATE": "2020-06-07",
   "CUM_DEATHS_NEW_METHODOLOGY": 2402
 },
 {
   "DATE": "2020-06-08",
   "CUM_DEATHS_NEW_METHODOLOGY": 2426
 },
 {
   "DATE": "2020-06-09",
   "CUM_DEATHS_NEW_METHODOLOGY": 2440
 },
 {
   "DATE": "2020-06-10",
   "CUM_DEATHS_NEW_METHODOLOGY": 2450
 },
 {
   "DATE": "2020-06-11",
   "CUM_DEATHS_NEW_METHODOLOGY": 2461
 },
 {
   "DATE": "2020-06-12",
   "CUM_DEATHS_NEW_METHODOLOGY": 2470
 },
 {
   "DATE": "2020-06-13",
   "CUM_DEATHS_NEW_METHODOLOGY": 2479
 },
 {
   "DATE": "2020-06-14",
   "CUM_DEATHS_NEW_METHODOLOGY": 2491
 },
 {
   "DATE": "2020-06-15",
   "CUM_DEATHS_NEW_METHODOLOGY": 2499
 },
 {
   "DATE": "2020-06-16",
   "CUM_DEATHS_NEW_METHODOLOGY": 2510
 },
 {
   "DATE": "2020-06-17",
   "CUM_DEATHS_NEW_METHODOLOGY": 2522
 },
 {
   "DATE": "2020-06-18",
   "CUM_DEATHS_NEW_METHODOLOGY": 2525
 },
 {
   "DATE": "2020-06-19",
   "CUM_DEATHS_NEW_METHODOLOGY": 2536
 },
 {
   "DATE": "2020-06-20",
   "CUM_DEATHS_NEW_METHODOLOGY": 2566
 },
 {
   "DATE": "2020-06-21",
   "CUM_DEATHS_NEW_METHODOLOGY": 2574
 },
 {
   "DATE": "2020-06-22",
   "CUM_DEATHS_NEW_METHODOLOGY": 2577
 },
 {
   "DATE": "2020-06-23",
   "CUM_DEATHS_NEW_METHODOLOGY": 2587
 },
 {
   "DATE": "2020-06-24",
   "CUM_DEATHS_NEW_METHODOLOGY": 2598
 },
 {
   "DATE": "2020-06-25",
   "CUM_DEATHS_NEW_METHODOLOGY": 2608
 },
 {
   "DATE": "2020-06-26",
   "CUM_DEATHS_NEW_METHODOLOGY": 2611
 },
 {
   "DATE": "2020-06-27",
   "CUM_DEATHS_NEW_METHODOLOGY": 2618
 },
 {
   "DATE": "2020-06-28",
   "CUM_DEATHS_NEW_METHODOLOGY": 2624
 },
 {
   "DATE": "2020-06-29",
   "CUM_DEATHS_NEW_METHODOLOGY": 2631
 },
 {
   "DATE": "2020-06-30",
   "CUM_DEATHS_NEW_METHODOLOGY": 2637
 },
 {
   "DATE": "2020-07-01",
   "CUM_DEATHS_NEW_METHODOLOGY": 2640
 },
 {
   "DATE": "2020-07-02",
   "CUM_DEATHS_NEW_METHODOLOGY": 2644
 },
 {
   "DATE": "2020-07-03",
   "CUM_DEATHS_NEW_METHODOLOGY": 2646
 },
 {
   "DATE": "2020-07-04",
   "CUM_DEATHS_NEW_METHODOLOGY": 2651
 },
 {
   "DATE": "2020-07-05",
   "CUM_DEATHS_NEW_METHODOLOGY": 2653
 },
 {
   "DATE": "2020-07-06",
   "CUM_DEATHS_NEW_METHODOLOGY": 2653
 },
 {
   "DATE": "2020-07-07",
   "CUM_DEATHS_NEW_METHODOLOGY": 2655
 },
 {
   "DATE": "2020-07-08",
   "CUM_DEATHS_NEW_METHODOLOGY": 2664
 },
 {
   "DATE": "2020-07-09",
   "CUM_DEATHS_NEW_METHODOLOGY": 2667
 },
 {
   "DATE": "2020-07-10",
   "CUM_DEATHS_NEW_METHODOLOGY": 2674
 },
 {
   "DATE": "2020-07-11",
   "CUM_DEATHS_NEW_METHODOLOGY": 2680
 },
 {
   "DATE": "2020-07-12",
   "CUM_DEATHS_NEW_METHODOLOGY": 2683
 },
 {
   "DATE": "2020-07-13",
   "CUM_DEATHS_NEW_METHODOLOGY": 2685
 },
 {
   "DATE": "2020-07-14",
   "CUM_DEATHS_NEW_METHODOLOGY": 2686
 },
 {
   "DATE": "2020-07-15",
   "CUM_DEATHS_NEW_METHODOLOGY": 2695
 },
 {
   "DATE": "2020-07-16",
   "CUM_DEATHS_NEW_METHODOLOGY": 2700
 },
 {
   "DATE": "2020-07-17",
   "CUM_DEATHS_NEW_METHODOLOGY": 2709
 },
 {
   "DATE": "2020-07-18",
   "CUM_DEATHS_NEW_METHODOLOGY": 2711
 },
 {
   "DATE": "2020-07-19",
   "CUM_DEATHS_NEW_METHODOLOGY": 2714
 },
 {
   "DATE": "2020-07-20",
   "CUM_DEATHS_NEW_METHODOLOGY": 2715
 },
 {
   "DATE": "2020-07-21",
   "CUM_DEATHS_NEW_METHODOLOGY": 2716
 },
 {
   "DATE": "2020-07-22",
   "CUM_DEATHS_NEW_METHODOLOGY": 2718
 },
 {
   "DATE": "2020-07-23",
   "CUM_DEATHS_NEW_METHODOLOGY": 2718
 },
 {
   "DATE": "2020-07-24",
   "CUM_DEATHS_NEW_METHODOLOGY": 2721
 },
 {
   "DATE": "2020-07-25",
   "CUM_DEATHS_NEW_METHODOLOGY": 2722
 },
 {
   "DATE": "2020-07-26",
   "CUM_DEATHS_NEW_METHODOLOGY": 2725
 },
 {
   "DATE": "2020-07-27",
   "CUM_DEATHS_NEW_METHODOLOGY": 2726
 },
 {
   "DATE": "2020-07-28",
   "CUM_DEATHS_NEW_METHODOLOGY": 2730
 },
 {
   "DATE": "2020-07-29",
   "CUM_DEATHS_NEW_METHODOLOGY": 2731
 },
 {
   "DATE": "2020-07-30",
   "CUM_DEATHS_NEW_METHODOLOGY": 2734
 },
 {
   "DATE": "2020-07-31",
   "CUM_DEATHS_NEW_METHODOLOGY": 2737
 },
 {
   "DATE": "2020-08-01",
   "CUM_DEATHS_NEW_METHODOLOGY": 2739
 },
 {
   "DATE": "2020-08-02",
   "CUM_DEATHS_NEW_METHODOLOGY": 2740
 },
 {
   "DATE": "2020-08-03",
   "CUM_DEATHS_NEW_METHODOLOGY": 2740
 },
 {
   "DATE": "2020-08-04",
   "CUM_DEATHS_NEW_METHODOLOGY": 2744
 },
 {
   "DATE": "2020-08-05",
   "CUM_DEATHS_NEW_METHODOLOGY": 2744
 },
 {
   "DATE": "2020-08-06",
   "CUM_DEATHS_NEW_METHODOLOGY": 2745
 },
 {
   "DATE": "2020-08-07",
   "CUM_DEATHS_NEW_METHODOLOGY": 2745
 },
 {
   "DATE": "2020-08-08",
   "CUM_DEATHS_NEW_METHODOLOGY": 2746
 },
 {
   "DATE": "2020-08-09",
   "CUM_DEATHS_NEW_METHODOLOGY": 2748
 },
 {
   "DATE": "2020-08-10",
   "CUM_DEATHS_NEW_METHODOLOGY": 2748
 },
 {
   "DATE": "2020-08-11",
   "CUM_DEATHS_NEW_METHODOLOGY": 2748
 },
 {
   "DATE": "2020-08-12",
   "CUM_DEATHS_NEW_METHODOLOGY": 2749
 },
 {
   "DATE": "2020-08-13",
   "CUM_DEATHS_NEW_METHODOLOGY": 2749
 },
 {
   "DATE": "2020-08-14",
   "CUM_DEATHS_NEW_METHODOLOGY": 2750
 },
 {
   "DATE": "2020-08-15",
   "CUM_DEATHS_NEW_METHODOLOGY": 2751
 },
 {
   "DATE": "2020-08-16",
   "CUM_DEATHS_NEW_METHODOLOGY": 2751
 },
 {
   "DATE": "2020-08-17",
   "CUM_DEATHS_NEW_METHODOLOGY": 2751
 },
 {
   "DATE": "2020-08-18",
   "CUM_DEATHS_NEW_METHODOLOGY": 2755
 },
 {
   "DATE": "2020-08-19",
   "CUM_DEATHS_NEW_METHODOLOGY": 2754
 },
 {
   "DATE": "2020-08-20",
   "CUM_DEATHS_NEW_METHODOLOGY": 2755
 },
 {
   "DATE": "2020-08-21",
   "CUM_DEATHS_NEW_METHODOLOGY": 2758
 },
 {
   "DATE": "2020-08-22",
   "CUM_DEATHS_NEW_METHODOLOGY": 2759
 },
 {
   "DATE": "2020-08-23",
   "CUM_DEATHS_NEW_METHODOLOGY": 2759
 },
 {
   "DATE": "2020-08-24",
   "CUM_DEATHS_NEW_METHODOLOGY": 2760
 },
 {
   "DATE": "2020-08-25",
   "CUM_DEATHS_NEW_METHODOLOGY": 2762
 },
 {
   "DATE": "2020-08-26",
   "CUM_DEATHS_NEW_METHODOLOGY": 2764
 },
 {
   "DATE": "2020-08-27",
   "CUM_DEATHS_NEW_METHODOLOGY": 2765
 },
 {
   "DATE": "2020-08-28",
   "CUM_DEATHS_NEW_METHODOLOGY": 2771
 },
 {
   "DATE": "2020-08-29",
   "CUM_DEATHS_NEW_METHODOLOGY": 2771
 },
 {
   "DATE": "2020-08-30",
   "CUM_DEATHS_NEW_METHODOLOGY": 2772
 },
 {
   "DATE": "2020-08-31",
   "CUM_DEATHS_NEW_METHODOLOGY": 2773
 },
 {
   "DATE": "2020-09-01",
   "CUM_DEATHS_NEW_METHODOLOGY": 2774
 },
 {
   "DATE": "2020-09-02",
   "CUM_DEATHS_NEW_METHODOLOGY": 2774
 },
 {
   "DATE": "2020-09-03",
   "CUM_DEATHS_NEW_METHODOLOGY": 2774
 },
 {
   "DATE": "2020-09-04",
   "CUM_DEATHS_NEW_METHODOLOGY": 2773
 },
 {
   "DATE": "2020-09-05",
   "CUM_DEATHS_NEW_METHODOLOGY": 2773
 },
 {
   "DATE": "2020-09-06",
   "CUM_DEATHS_NEW_METHODOLOGY": 2775
 },
 {
   "DATE": "2020-09-07",
   "CUM_DEATHS_NEW_METHODOLOGY": 2775
 },
 {
   "DATE": "2020-09-08",
   "CUM_DEATHS_NEW_METHODOLOGY": 2775
 },
 {
   "DATE": "2020-09-09",
   "CUM_DEATHS_NEW_METHODOLOGY": 2775
 },
 {
   "DATE": "2020-09-10",
   "CUM_DEATHS_NEW_METHODOLOGY": 2776
 },
 {
   "DATE": "2020-09-11",
   "CUM_DEATHS_NEW_METHODOLOGY": 2775
 },
 {
   "DATE": "2020-09-12",
   "CUM_DEATHS_NEW_METHODOLOGY": 2776
 },
 {
   "DATE": "2020-09-13",
   "CUM_DEATHS_NEW_METHODOLOGY": 2777
 },
 {
   "DATE": "2020-09-14",
   "CUM_DEATHS_NEW_METHODOLOGY": 2778
 },
 {
   "DATE": "2020-09-15",
   "CUM_DEATHS_NEW_METHODOLOGY": 2782
 },
 {
   "DATE": "2020-09-16",
   "CUM_DEATHS_NEW_METHODOLOGY": 2784
 },
 {
   "DATE": "2020-09-17",
   "CUM_DEATHS_NEW_METHODOLOGY": 2787
 },
 {
   "DATE": "2020-09-18",
   "CUM_DEATHS_NEW_METHODOLOGY": 2787
 },
 {
   "DATE": "2020-09-19",
   "CUM_DEATHS_NEW_METHODOLOGY": 2788
 },
 {
   "DATE": "2020-09-20",
   "CUM_DEATHS_NEW_METHODOLOGY": 2789
 },
 {
   "DATE": "2020-09-21",
   "CUM_DEATHS_NEW_METHODOLOGY": 2791
 },
 {
   "DATE": "2020-09-22",
   "CUM_DEATHS_NEW_METHODOLOGY": 2794
 },
 {
   "DATE": "2020-09-23",
   "CUM_DEATHS_NEW_METHODOLOGY": 2797
 },
 {
   "DATE": "2020-09-24",
   "CUM_DEATHS_NEW_METHODOLOGY": 2798
 },
 {
   "DATE": "2020-09-25",
   "CUM_DEATHS_NEW_METHODOLOGY": 2799
 },
 {
   "DATE": "2020-09-26",
   "CUM_DEATHS_NEW_METHODOLOGY": 2798
 },
 {
   "DATE": "2020-09-27",
   "CUM_DEATHS_NEW_METHODOLOGY": 2800
 },
 {
   "DATE": "2020-09-28",
   "CUM_DEATHS_NEW_METHODOLOGY": 2801
 },
 {
   "DATE": "2020-09-29",
   "CUM_DEATHS_NEW_METHODOLOGY": 2805
 },
 {
   "DATE": "2020-09-30",
   "CUM_DEATHS_NEW_METHODOLOGY": 2809
 },
 {
   "DATE": "2020-10-01",
   "CUM_DEATHS_NEW_METHODOLOGY": 2812
 },
 {
   "DATE": "2020-10-02",
   "CUM_DEATHS_NEW_METHODOLOGY": 2888
 },
 {
   "DATE": "2020-10-03",
   "CUM_DEATHS_NEW_METHODOLOGY": 2929
 },
 {
   "DATE": "2020-10-04",
   "CUM_DEATHS_NEW_METHODOLOGY": 2936
 },
 {
   "DATE": "2020-10-05",
   "CUM_DEATHS_NEW_METHODOLOGY": 2941
 },
 {
   "DATE": "2020-10-06",
   "CUM_DEATHS_NEW_METHODOLOGY": 2948
 },
 {
   "DATE": "2020-10-07",
   "CUM_DEATHS_NEW_METHODOLOGY": 2949
 },
 {
   "DATE": "2020-10-08",
   "CUM_DEATHS_NEW_METHODOLOGY": 2952
 },
 {
   "DATE": "2020-10-09",
   "CUM_DEATHS_NEW_METHODOLOGY": 2957
 },
 {
   "DATE": "2020-10-10",
   "CUM_DEATHS_NEW_METHODOLOGY": 2964
 },
 {
   "DATE": "2020-10-11",
   "CUM_DEATHS_NEW_METHODOLOGY": 2965
 },
 {
   "DATE": "2020-10-12",
   "CUM_DEATHS_NEW_METHODOLOGY": 2967
 },
 {
   "DATE": "2020-10-13",
   "CUM_DEATHS_NEW_METHODOLOGY": 2976
 },
 {
   "DATE": "2020-10-14",
   "CUM_DEATHS_NEW_METHODOLOGY": 2976
 },
 {
   "DATE": "2020-10-15",
   "CUM_DEATHS_NEW_METHODOLOGY": 2981
 },
 {
   "DATE": "2020-10-16",
   "CUM_DEATHS_NEW_METHODOLOGY": 2990
 },
 {
   "DATE": "2020-10-17",
   "CUM_DEATHS_NEW_METHODOLOGY": 2999
 },
 {
   "DATE": "2020-10-18",
   "CUM_DEATHS_NEW_METHODOLOGY": 3004
 },
 {
   "DATE": "2020-10-19",
   "CUM_DEATHS_NEW_METHODOLOGY": 3008
 },
 {
   "DATE": "2020-10-20",
   "CUM_DEATHS_NEW_METHODOLOGY": 3010
 },
 {
   "DATE": "2020-10-21",
   "CUM_DEATHS_NEW_METHODOLOGY": 3019
 },
 {
   "DATE": "2020-10-22",
   "CUM_DEATHS_NEW_METHODOLOGY": 3028
 },
 {
   "DATE": "2020-10-23",
   "CUM_DEATHS_NEW_METHODOLOGY": 3036
 },
 {
   "DATE": "2020-10-24",
   "CUM_DEATHS_NEW_METHODOLOGY": 3040
 },
 {
   "DATE": "2020-10-25",
   "CUM_DEATHS_NEW_METHODOLOGY": 3046
 },
 {
   "DATE": "2020-10-26",
   "CUM_DEATHS_NEW_METHODOLOGY": 3052
 },
 {
   "DATE": "2020-10-27",
   "CUM_DEATHS_NEW_METHODOLOGY": 3056
 },
 {
   "DATE": "2020-10-28",
   "CUM_DEATHS_NEW_METHODOLOGY": 3058
 },
 {
   "DATE": "2020-10-29",
   "CUM_DEATHS_NEW_METHODOLOGY": 3068
 },
 {
   "DATE": "2020-10-30",
   "CUM_DEATHS_NEW_METHODOLOGY": 3077
 },
 {
   "DATE": "2020-10-31",
   "CUM_DEATHS_NEW_METHODOLOGY": 3085
 },
 {
   "DATE": "2020-11-01",
   "CUM_DEATHS_NEW_METHODOLOGY": 3093
 },
 {
   "DATE": "2020-11-02",
   "CUM_DEATHS_NEW_METHODOLOGY": 3097
 },
 {
   "DATE": "2020-11-03",
   "CUM_DEATHS_NEW_METHODOLOGY": 3111
 },
 {
   "DATE": "2020-11-04",
   "CUM_DEATHS_NEW_METHODOLOGY": 3127
 },
 {
   "DATE": "2020-11-05",
   "CUM_DEATHS_NEW_METHODOLOGY": 3140
 },
 {
   "DATE": "2020-11-06",
   "CUM_DEATHS_NEW_METHODOLOGY": 3153
 },
 {
   "DATE": "2020-11-07",
   "CUM_DEATHS_NEW_METHODOLOGY": 3164
 },
 {
   "DATE": "2020-11-08",
   "CUM_DEATHS_NEW_METHODOLOGY": 3176
 },
 {
   "DATE": "2020-11-09",
   "CUM_DEATHS_NEW_METHODOLOGY": 3188
 },
 {
   "DATE": "2020-11-10",
   "CUM_DEATHS_NEW_METHODOLOGY": 3203
 },
 {
   "DATE": "2020-11-11",
   "CUM_DEATHS_NEW_METHODOLOGY": 3218
 },
 {
   "DATE": "2020-11-12",
   "CUM_DEATHS_NEW_METHODOLOGY": 3236
 },
 {
   "DATE": "2020-11-13",
   "CUM_DEATHS_NEW_METHODOLOGY": 3255
 },
 {
   "DATE": "2020-11-14",
   "CUM_DEATHS_NEW_METHODOLOGY": 3274
 },
 {
   "DATE": "2020-11-15",
   "CUM_DEATHS_NEW_METHODOLOGY": 3303
 },
 {
   "DATE": "2020-11-16",
   "CUM_DEATHS_NEW_METHODOLOGY": 3312
 },
 {
   "DATE": "2020-11-17",
   "CUM_DEATHS_NEW_METHODOLOGY": 3322
 },
 {
   "DATE": "2020-11-18",
   "CUM_DEATHS_NEW_METHODOLOGY": 3352
 },
 {
   "DATE": "2020-11-19",
   "CUM_DEATHS_NEW_METHODOLOGY": 3380
 },
 {
   "DATE": "2020-11-20",
   "CUM_DEATHS_NEW_METHODOLOGY": 3388
 },
 {
   "DATE": "2020-11-21",
   "CUM_DEATHS_NEW_METHODOLOGY": 3409
 },
 {
   "DATE": "2020-11-22",
   "CUM_DEATHS_NEW_METHODOLOGY": 3421
 },
 {
   "DATE": "2020-11-23",
   "CUM_DEATHS_NEW_METHODOLOGY": 3437
 },
 {
   "DATE": "2020-11-24",
   "CUM_DEATHS_NEW_METHODOLOGY": 3450
 },
 {
   "DATE": "2020-11-25",
   "CUM_DEATHS_NEW_METHODOLOGY": 3485
 },
 {
   "DATE": "2020-11-26",
   "CUM_DEATHS_NEW_METHODOLOGY": 3504
 },
 {
   "DATE": "2020-11-27",
   "CUM_DEATHS_NEW_METHODOLOGY": 3523
 },
 {
   "DATE": "2020-11-28",
   "CUM_DEATHS_NEW_METHODOLOGY": 3548
 },
 {
   "DATE": "2020-11-29",
   "CUM_DEATHS_NEW_METHODOLOGY": 3572
 },
 {
   "DATE": "2020-11-30",
   "CUM_DEATHS_NEW_METHODOLOGY": 3579
 },
 {
   "DATE": "2020-12-01",
   "CUM_DEATHS_NEW_METHODOLOGY": 3586
 },
 {
   "DATE": "2020-12-02",
   "CUM_DEATHS_NEW_METHODOLOGY": 3621
 },
 {
   "DATE": "2020-12-03",
   "CUM_DEATHS_NEW_METHODOLOGY": 3635
 },
 {
   "DATE": "2020-12-04",
   "CUM_DEATHS_NEW_METHODOLOGY": 3659
 },
 {
   "DATE": "2020-12-05",
   "CUM_DEATHS_NEW_METHODOLOGY": 3677
 },
 {
   "DATE": "2020-12-06",
   "CUM_DEATHS_NEW_METHODOLOGY": 3691
 },
 {
   "DATE": "2020-12-07",
   "CUM_DEATHS_NEW_METHODOLOGY": 3716
 },
 {
   "DATE": "2020-12-08",
   "CUM_DEATHS_NEW_METHODOLOGY": 3725
 },
 {
   "DATE": "2020-12-09",
   "CUM_DEATHS_NEW_METHODOLOGY": 3753
 },
 {
   "DATE": "2020-12-10",
   "CUM_DEATHS_NEW_METHODOLOGY": 3786
 },
 {
   "DATE": "2020-12-11",
   "CUM_DEATHS_NEW_METHODOLOGY": 3831
 },
 {
   "DATE": "2020-12-12",
   "CUM_DEATHS_NEW_METHODOLOGY": 3847
 },
 {
   "DATE": "2020-12-13",
   "CUM_DEATHS_NEW_METHODOLOGY": 3862
 },
 {
   "DATE": "2020-12-14",
   "CUM_DEATHS_NEW_METHODOLOGY": 3884
 },
 {
   "DATE": "2020-12-15",
   "CUM_DEATHS_NEW_METHODOLOGY": 3902
 },
 {
   "DATE": "2020-12-16",
   "CUM_DEATHS_NEW_METHODOLOGY": 3944
 },
 {
   "DATE": "2020-12-17",
   "CUM_DEATHS_NEW_METHODOLOGY": 3966
 },
 {
   "DATE": "2020-12-18",
   "CUM_DEATHS_NEW_METHODOLOGY": 4005
 },
 {
   "DATE": "2020-12-19",
   "CUM_DEATHS_NEW_METHODOLOGY": 4032
 },
 {
   "DATE": "2020-12-20",
   "CUM_DEATHS_NEW_METHODOLOGY": 4055
 },
 {
   "DATE": "2020-12-21",
   "CUM_DEATHS_NEW_METHODOLOGY": 4071
 },
 {
   "DATE": "2020-12-22",
   "CUM_DEATHS_NEW_METHODOLOGY": 4092
 },
 {
   "DATE": "2020-12-23",
   "CUM_DEATHS_NEW_METHODOLOGY": 4130
 },
 {
   "DATE": "2020-12-24",
   "CUM_DEATHS_NEW_METHODOLOGY": 4178
 },
 {
   "DATE": "2020-12-25",
   "CUM_DEATHS_NEW_METHODOLOGY": 4220
 },
 {
   "DATE": "2020-12-26",
   "CUM_DEATHS_NEW_METHODOLOGY": 4258
 },
 {
   "DATE": "2020-12-27",
   "CUM_DEATHS_NEW_METHODOLOGY": 4274
 },
 {
   "DATE": "2020-12-28",
   "CUM_DEATHS_NEW_METHODOLOGY": 4310
 },
 {
   "DATE": "2020-12-29",
   "CUM_DEATHS_NEW_METHODOLOGY": 4351
 },
 {
   "DATE": "2020-12-30",
   "CUM_DEATHS_NEW_METHODOLOGY": 4370
 },
 {
   "DATE": "2020-12-31",
   "CUM_DEATHS_NEW_METHODOLOGY": 4423
 },
 {
   "DATE": "2021-01-01",
   "CUM_DEATHS_NEW_METHODOLOGY": 4472
 },
 {
   "DATE": "2021-01-02",
   "CUM_DEATHS_NEW_METHODOLOGY": 4516
 },
 {
   "DATE": "2021-01-03",
   "CUM_DEATHS_NEW_METHODOLOGY": 4540
 },
 {
   "DATE": "2021-01-04",
   "CUM_DEATHS_NEW_METHODOLOGY": 4567
 },
 {
   "DATE": "2021-01-05",
   "CUM_DEATHS_NEW_METHODOLOGY": 4615
 },
 {
   "DATE": "2021-01-06",
   "CUM_DEATHS_NEW_METHODOLOGY": 4652
 },
 {
   "DATE": "2021-01-07",
   "CUM_DEATHS_NEW_METHODOLOGY": 4741
 },
 {
   "DATE": "2021-01-08",
   "CUM_DEATHS_NEW_METHODOLOGY": 4765
 },
 {
   "DATE": "2021-01-09",
   "CUM_DEATHS_NEW_METHODOLOGY": 4804
 },
 {
   "DATE": "2021-01-10",
   "CUM_DEATHS_NEW_METHODOLOGY": 4865
 },
 {
   "DATE": "2021-01-11",
   "CUM_DEATHS_NEW_METHODOLOGY": 4893
 },
 {
   "DATE": "2021-01-12",
   "CUM_DEATHS_NEW_METHODOLOGY": 4933
 },
 {
   "DATE": "2021-01-13",
   "CUM_DEATHS_NEW_METHODOLOGY": 5005
 },
 {
   "DATE": "2021-01-14",
   "CUM_DEATHS_NEW_METHODOLOGY": 5067
 },
 {
   "DATE": "2021-01-15",
   "CUM_DEATHS_NEW_METHODOLOGY": 5167
 },
 {
   "DATE": "2021-01-16",
   "CUM_DEATHS_NEW_METHODOLOGY": 5216
 },
 {
   "DATE": "2021-01-17",
   "CUM_DEATHS_NEW_METHODOLOGY": 5284
 },
 {
   "DATE": "2021-01-18",
   "CUM_DEATHS_NEW_METHODOLOGY": 5308
 },
 {
   "DATE": "2021-01-19",
   "CUM_DEATHS_NEW_METHODOLOGY": 5352
 },
 {
   "DATE": "2021-01-20",
   "CUM_DEATHS_NEW_METHODOLOGY": 5440
 },
 {
   "DATE": "2021-01-21",
   "CUM_DEATHS_NEW_METHODOLOGY": 5483
 },
 {
   "DATE": "2021-01-22",
   "CUM_DEATHS_NEW_METHODOLOGY": 5570
 },
 {
   "DATE": "2021-01-23",
   "CUM_DEATHS_NEW_METHODOLOGY": 5622
 },
 {
   "DATE": "2021-01-24",
   "CUM_DEATHS_NEW_METHODOLOGY": 5671
 },
 {
   "DATE": "2021-01-25",
   "CUM_DEATHS_NEW_METHODOLOGY": 5714
 },
 {
   "DATE": "2021-01-26",
   "CUM_DEATHS_NEW_METHODOLOGY": 5775
 },
 {
   "DATE": "2021-01-27",
   "CUM_DEATHS_NEW_METHODOLOGY": 5824
 },
 {
   "DATE": "2021-01-28",
   "CUM_DEATHS_NEW_METHODOLOGY": 5877
 },
 {
   "DATE": "2021-01-29",
   "CUM_DEATHS_NEW_METHODOLOGY": 5933
 },
 {
   "DATE": "2021-01-30",
   "CUM_DEATHS_NEW_METHODOLOGY": 6005
 },
 {
   "DATE": "2021-01-31",
   "CUM_DEATHS_NEW_METHODOLOGY": 6047
 },
 {
   "DATE": "2021-02-01",
   "CUM_DEATHS_NEW_METHODOLOGY": 6082
 },
 {
   "DATE": "2021-02-02",
   "CUM_DEATHS_NEW_METHODOLOGY": 5731
 },
 {
   "DATE": "2021-02-03",
   "CUM_DEATHS_NEW_METHODOLOGY": 6158
 },
 {
   "DATE": "2021-02-04",
   "CUM_DEATHS_NEW_METHODOLOGY": 6244
 },
 {
   "DATE": "2021-02-05",
   "CUM_DEATHS_NEW_METHODOLOGY": 6288
 },
 {
   "DATE": "2021-02-06",
   "CUM_DEATHS_NEW_METHODOLOGY": 6331
 },
 {
   "DATE": "2021-02-07",
   "CUM_DEATHS_NEW_METHODOLOGY": 6350
 },
 {
   "DATE": "2021-02-08",
   "CUM_DEATHS_NEW_METHODOLOGY": 6382
 },
 {
   "DATE": "2021-02-09",
   "CUM_DEATHS_NEW_METHODOLOGY": 6398
 },
 {
   "DATE": "2021-02-10",
   "CUM_DEATHS_NEW_METHODOLOGY": 6437
 },
 {
   "DATE": "2021-02-11",
   "CUM_DEATHS_NEW_METHODOLOGY": 6454
 },
 {
   "DATE": "2021-02-12",
   "CUM_DEATHS_NEW_METHODOLOGY": 6471
 },
 {
   "DATE": "2021-02-13",
   "CUM_DEATHS_NEW_METHODOLOGY": 6490
 },
 {
   "DATE": "2021-02-14",
   "CUM_DEATHS_NEW_METHODOLOGY": 6531
 },
 {
   "DATE": "2021-02-15",
   "CUM_DEATHS_NEW_METHODOLOGY": 6544
 },
 {
   "DATE": "2021-02-16",
   "CUM_DEATHS_NEW_METHODOLOGY": 6555
 },
 {
   "DATE": "2021-02-17",
   "CUM_DEATHS_NEW_METHODOLOGY": 6563
 },
 {
   "DATE": "2021-02-18",
   "CUM_DEATHS_NEW_METHODOLOGY": 6605
 },
 {
   "DATE": "2021-02-19",
   "CUM_DEATHS_NEW_METHODOLOGY": 6651
 },
 {
   "DATE": "2021-02-20",
   "CUM_DEATHS_NEW_METHODOLOGY": 6678
 },
 {
   "DATE": "2021-02-21",
   "CUM_DEATHS_NEW_METHODOLOGY": 6689
 },
 {
   "DATE": "2021-02-22",
   "CUM_DEATHS_NEW_METHODOLOGY": 6700
 },
 {
   "DATE": "2021-02-23",
   "CUM_DEATHS_NEW_METHODOLOGY": 6711
 },
 {
   "DATE": "2021-02-24",
   "CUM_DEATHS_NEW_METHODOLOGY": 6718
 },
 {
   "DATE": "2021-02-25",
   "CUM_DEATHS_NEW_METHODOLOGY": 6741
 },
 {
   "DATE": "2021-02-26",
   "CUM_DEATHS_NEW_METHODOLOGY": 6767
 },
 {
   "DATE": "2021-02-27",
   "CUM_DEATHS_NEW_METHODOLOGY": 6783
 },
 {
   "DATE": "2021-02-28",
   "CUM_DEATHS_NEW_METHODOLOGY": 6802
 },
 {
   "DATE": "2021-03-01",
   "CUM_DEATHS_NEW_METHODOLOGY": 6808
 },
 {
   "DATE": "2021-03-02",
   "CUM_DEATHS_NEW_METHODOLOGY": 6818
 },
 {
   "DATE": "2021-03-03",
   "CUM_DEATHS_NEW_METHODOLOGY": 6834
 },
 {
   "DATE": "2021-03-04",
   "CUM_DEATHS_NEW_METHODOLOGY": 6843
 },
 {
   "DATE": "2021-03-05",
   "CUM_DEATHS_NEW_METHODOLOGY": 6865
 },
 {
   "DATE": "2021-03-06",
   "CUM_DEATHS_NEW_METHODOLOGY": 6870
 },
 {
   "DATE": "2021-03-07",
   "CUM_DEATHS_NEW_METHODOLOGY": 6885
 },
 {
   "DATE": "2021-03-08",
   "CUM_DEATHS_NEW_METHODOLOGY": 6895
 },
 {
   "DATE": "2021-03-09",
   "CUM_DEATHS_NEW_METHODOLOGY": 6901
 },
 {
   "DATE": "2021-03-10",
   "CUM_DEATHS_NEW_METHODOLOGY": 6915
 },
 {
   "DATE": "2021-03-11",
   "CUM_DEATHS_NEW_METHODOLOGY": 6924
 },
 {
   "DATE": "2021-03-12",
   "CUM_DEATHS_NEW_METHODOLOGY": 6942
 },
 {
   "DATE": "2021-03-13",
   "CUM_DEATHS_NEW_METHODOLOGY": 6950
 },
 {
   "DATE": "2021-03-14",
   "CUM_DEATHS_NEW_METHODOLOGY": 6965
 },
 {
   "DATE": "2021-03-15",
   "CUM_DEATHS_NEW_METHODOLOGY": 6973
 },
 {
   "DATE": "2021-03-16",
   "CUM_DEATHS_NEW_METHODOLOGY": 6983
 },
 {
   "DATE": "2021-03-17",
   "CUM_DEATHS_NEW_METHODOLOGY": 6995
 },
 {
   "DATE": "2021-03-18",
   "CUM_DEATHS_NEW_METHODOLOGY": 7009
 },
 {
   "DATE": "2021-03-19",
   "CUM_DEATHS_NEW_METHODOLOGY": 7017
 },
 {
   "DATE": "2021-03-20",
   "CUM_DEATHS_NEW_METHODOLOGY": 7028
 },
 {
   "DATE": "2021-03-21",
   "CUM_DEATHS_NEW_METHODOLOGY": 7046
 },
 {
   "DATE": "2021-03-22",
   "CUM_DEATHS_NEW_METHODOLOGY": 7049
 },
 {
   "DATE": "2021-03-23",
   "CUM_DEATHS_NEW_METHODOLOGY": 7058
 },
 {
   "DATE": "2021-03-24",
   "CUM_DEATHS_NEW_METHODOLOGY": 7068
 },
 {
   "DATE": "2021-03-25",
   "CUM_DEATHS_NEW_METHODOLOGY": 7084
 },
 {
   "DATE": "2021-03-26",
   "CUM_DEATHS_NEW_METHODOLOGY": 7095
 },
 {
   "DATE": "2021-03-27",
   "CUM_DEATHS_NEW_METHODOLOGY": 7111
 },
 {
   "DATE": "2021-03-28",
   "CUM_DEATHS_NEW_METHODOLOGY": 7129
 },
 {
   "DATE": "2021-03-29",
   "CUM_DEATHS_NEW_METHODOLOGY": 7137
 },
 {
   "DATE": "2021-03-30",
   "CUM_DEATHS_NEW_METHODOLOGY": 7151
 },
 {
   "DATE": "2021-03-31",
   "CUM_DEATHS_NEW_METHODOLOGY": 7165
 },
 {
   "DATE": "2021-04-01",
   "CUM_DEATHS_NEW_METHODOLOGY": 7187
 },
 {
   "DATE": "2021-04-02",
   "CUM_DEATHS_NEW_METHODOLOGY": 7210
 },
 {
   "DATE": "2021-04-03",
   "CUM_DEATHS_NEW_METHODOLOGY": 7224
 },
 {
   "DATE": "2021-04-04",
   "CUM_DEATHS_NEW_METHODOLOGY": 7235
 },
 {
   "DATE": "2021-04-05",
   "CUM_DEATHS_NEW_METHODOLOGY": 7243
 },
 {
   "DATE": "2021-04-06",
   "CUM_DEATHS_NEW_METHODOLOGY": 7250
 },
 {
   "DATE": "2021-04-07",
   "CUM_DEATHS_NEW_METHODOLOGY": 7265
 },
 {
   "DATE": "2021-04-08",
   "CUM_DEATHS_NEW_METHODOLOGY": 7283
 },
 {
   "DATE": "2021-04-09",
   "CUM_DEATHS_NEW_METHODOLOGY": 7300
 },
 {
   "DATE": "2021-04-10",
   "CUM_DEATHS_NEW_METHODOLOGY": 7317
 },
 {
   "DATE": "2021-04-11",
   "CUM_DEATHS_NEW_METHODOLOGY": 7336
 },
 {
   "DATE": "2021-04-12",
   "CUM_DEATHS_NEW_METHODOLOGY": 7351
 },
 {
   "DATE": "2021-04-13",
   "CUM_DEATHS_NEW_METHODOLOGY": 7365
 },
 {
   "DATE": "2021-04-14",
   "CUM_DEATHS_NEW_METHODOLOGY": 7393
 },
 {
   "DATE": "2021-04-15",
   "CUM_DEATHS_NEW_METHODOLOGY": 7420
 },
 {
   "DATE": "2021-04-16",
   "CUM_DEATHS_NEW_METHODOLOGY": 7445
 },
 {
   "DATE": "2021-04-17",
   "CUM_DEATHS_NEW_METHODOLOGY": 7479
 },
 {
   "DATE": "2021-04-18",
   "CUM_DEATHS_NEW_METHODOLOGY": 7497
 },
 {
   "DATE": "2021-04-19",
   "CUM_DEATHS_NEW_METHODOLOGY": 7516
 },
 {
   "DATE": "2021-04-20",
   "CUM_DEATHS_NEW_METHODOLOGY": 7536
 },
 {
   "DATE": "2021-04-21",
   "CUM_DEATHS_NEW_METHODOLOGY": 7568
 },
 {
   "DATE": "2021-04-22",
   "CUM_DEATHS_NEW_METHODOLOGY": 7607
 },
 {
   "DATE": "2021-04-23",
   "CUM_DEATHS_NEW_METHODOLOGY": 7639
 },
 {
   "DATE": "2021-04-24",
   "CUM_DEATHS_NEW_METHODOLOGY": 7663
 },
 {
   "DATE": "2021-04-25",
   "CUM_DEATHS_NEW_METHODOLOGY": 7687
 },
 {
   "DATE": "2021-04-26",
   "CUM_DEATHS_NEW_METHODOLOGY": 7711
 },
 {
   "DATE": "2021-04-27",
   "CUM_DEATHS_NEW_METHODOLOGY": 7739
 },
 {
   "DATE": "2021-04-28",
   "CUM_DEATHS_NEW_METHODOLOGY": 7763
 },
 {
   "DATE": "2021-04-29",
   "CUM_DEATHS_NEW_METHODOLOGY": 7804
 },
 {
   "DATE": "2021-04-30",
   "CUM_DEATHS_NEW_METHODOLOGY": 7825
 },
 {
   "DATE": "2021-05-01",
   "CUM_DEATHS_NEW_METHODOLOGY": 7852
 },
 {
   "DATE": "2021-05-02",
   "CUM_DEATHS_NEW_METHODOLOGY": 7873
 },
 {
   "DATE": "2021-05-03",
   "CUM_DEATHS_NEW_METHODOLOGY": 7889
 },
 {
   "DATE": "2021-05-04",
   "CUM_DEATHS_NEW_METHODOLOGY": 7913
 },
 {
   "DATE": "2021-05-05",
   "CUM_DEATHS_NEW_METHODOLOGY": 7956
 },
 {
   "DATE": "2021-05-06",
   "CUM_DEATHS_NEW_METHODOLOGY": 7982
 },
 {
   "DATE": "2021-05-07",
   "CUM_DEATHS_NEW_METHODOLOGY": 8004
 },
 {
   "DATE": "2021-05-08",
   "CUM_DEATHS_NEW_METHODOLOGY": 8028
 },
 {
   "DATE": "2021-05-09",
   "CUM_DEATHS_NEW_METHODOLOGY": 8075
 },
 {
   "DATE": "2021-05-10",
   "CUM_DEATHS_NEW_METHODOLOGY": 8094
 },
 {
   "DATE": "2021-05-11",
   "CUM_DEATHS_NEW_METHODOLOGY": 8109
 },
 {
   "DATE": "2021-05-12",
   "CUM_DEATHS_NEW_METHODOLOGY": 8139
 },
 {
   "DATE": "2021-05-13",
   "CUM_DEATHS_NEW_METHODOLOGY": 8170
 },
 {
   "DATE": "2021-05-14",
   "CUM_DEATHS_NEW_METHODOLOGY": 8195
 },
 {
   "DATE": "2021-05-15",
   "CUM_DEATHS_NEW_METHODOLOGY": 8219
 },
 {
   "DATE": "2021-05-16",
   "CUM_DEATHS_NEW_METHODOLOGY": 8247
 },
 {
   "DATE": "2021-05-17",
   "CUM_DEATHS_NEW_METHODOLOGY": 8249
 },
 {
   "DATE": "2021-05-18",
   "CUM_DEATHS_NEW_METHODOLOGY": 8266
 },
 {
   "DATE": "2021-05-19",
   "CUM_DEATHS_NEW_METHODOLOGY": 8285
 },
 {
   "DATE": "2021-05-20",
   "CUM_DEATHS_NEW_METHODOLOGY": 8312
 },
 {
   "DATE": "2021-05-21",
   "CUM_DEATHS_NEW_METHODOLOGY": 8339
 },
 {
   "DATE": "2021-05-22",
   "CUM_DEATHS_NEW_METHODOLOGY": 8358
 },
 {
   "DATE": "2021-05-23",
   "CUM_DEATHS_NEW_METHODOLOGY": 8371
 },
 {
   "DATE": "2021-05-24",
   "CUM_DEATHS_NEW_METHODOLOGY": 8378
 },
 {
   "DATE": "2021-05-25",
   "CUM_DEATHS_NEW_METHODOLOGY": 8411
 },
 {
   "DATE": "2021-05-26",
   "CUM_DEATHS_NEW_METHODOLOGY": 8432
 },
 {
   "DATE": "2021-05-27",
   "CUM_DEATHS_NEW_METHODOLOGY": 8450
 },
 {
   "DATE": "2021-05-28",
   "CUM_DEATHS_NEW_METHODOLOGY": 8463
 },
 {
   "DATE": "2021-05-29",
   "CUM_DEATHS_NEW_METHODOLOGY": 8478
 },
 {
   "DATE": "2021-05-30",
   "CUM_DEATHS_NEW_METHODOLOGY": 8496
 },
 {
   "DATE": "2021-05-31",
   "CUM_DEATHS_NEW_METHODOLOGY": 8509
 },
 {
   "DATE": "2021-06-01",
   "CUM_DEATHS_NEW_METHODOLOGY": 8518
 },
 {
   "DATE": "2021-06-02",
   "CUM_DEATHS_NEW_METHODOLOGY": 8543
 },
 {
   "DATE": "2021-06-03",
   "CUM_DEATHS_NEW_METHODOLOGY": 8552
 },
 {
   "DATE": "2021-06-04",
   "CUM_DEATHS_NEW_METHODOLOGY": 8570
 },
 {
   "DATE": "2021-06-05",
   "CUM_DEATHS_NEW_METHODOLOGY": 8593
 },
 {
   "DATE": "2021-06-06",
   "CUM_DEATHS_NEW_METHODOLOGY": 8601
 },
 {
   "DATE": "2021-06-07",
   "CUM_DEATHS_NEW_METHODOLOGY": 8616
 },
 {
   "DATE": "2021-06-08",
   "CUM_DEATHS_NEW_METHODOLOGY": 8633
 },
 {
   "DATE": "2021-06-09",
   "CUM_DEATHS_NEW_METHODOLOGY": 8666
 },
 {
   "DATE": "2021-06-10",
   "CUM_DEATHS_NEW_METHODOLOGY": 8677
 },
 {
   "DATE": "2021-06-11",
   "CUM_DEATHS_NEW_METHODOLOGY": 8681
 },
 {
   "DATE": "2021-06-12",
   "CUM_DEATHS_NEW_METHODOLOGY": 8695
 },
 {
   "DATE": "2021-06-13",
   "CUM_DEATHS_NEW_METHODOLOGY": 8702
 },
 {
   "DATE": "2021-06-14",
   "CUM_DEATHS_NEW_METHODOLOGY": 8705
 },
 {
   "DATE": "2021-06-15",
   "CUM_DEATHS_NEW_METHODOLOGY": 8718
 },
 {
   "DATE": "2021-06-16",
   "CUM_DEATHS_NEW_METHODOLOGY": 8730
 },
 {
   "DATE": "2021-06-17",
   "CUM_DEATHS_NEW_METHODOLOGY": 8737
 },
 {
   "DATE": "2021-06-18",
   "CUM_DEATHS_NEW_METHODOLOGY": 8738
 },
 {
   "DATE": "2021-06-19",
   "CUM_DEATHS_NEW_METHODOLOGY": 8751
 },
 {
   "DATE": "2021-06-20",
   "CUM_DEATHS_NEW_METHODOLOGY": 8763
 },
 {
   "DATE": "2021-06-21",
   "CUM_DEATHS_NEW_METHODOLOGY": 8766
 },
 {
   "DATE": "2021-06-22",
   "CUM_DEATHS_NEW_METHODOLOGY": 8826
 },
 {
   "DATE": "2021-06-23",
   "CUM_DEATHS_NEW_METHODOLOGY": 8837
 },
 {
   "DATE": "2021-06-24",
   "CUM_DEATHS_NEW_METHODOLOGY": 8843
 },
 {
   "DATE": "2021-06-25",
   "CUM_DEATHS_NEW_METHODOLOGY": 8845
 },
 {
   "DATE": "2021-06-26",
   "CUM_DEATHS_NEW_METHODOLOGY": 8858
 },
 {
   "DATE": "2021-06-27",
   "CUM_DEATHS_NEW_METHODOLOGY": 8870
 },
 {
   "DATE": "2021-06-28",
   "CUM_DEATHS_NEW_METHODOLOGY": 8873
 },
 {
   "DATE": "2021-06-29",
   "CUM_DEATHS_NEW_METHODOLOGY": 8897
 },
 {
   "DATE": "2021-06-30",
   "CUM_DEATHS_NEW_METHODOLOGY": 8911
 },
 {
   "DATE": "2021-07-01",
   "CUM_DEATHS_NEW_METHODOLOGY": 8930
 },
 {
   "DATE": "2021-07-02",
   "CUM_DEATHS_NEW_METHODOLOGY": 8939
 },
 {
   "DATE": "2021-07-03",
   "CUM_DEATHS_NEW_METHODOLOGY": 8947
 },
 {
   "DATE": "2021-07-04",
   "CUM_DEATHS_NEW_METHODOLOGY": 8956
 },
 {
   "DATE": "2021-07-05",
   "CUM_DEATHS_NEW_METHODOLOGY": 8956
 },
 {
   "DATE": "2021-07-06",
   "CUM_DEATHS_NEW_METHODOLOGY": 8965
 },
 {
   "DATE": "2021-07-07",
   "CUM_DEATHS_NEW_METHODOLOGY": 8965
 },
 {
   "DATE": "2021-07-08",
   "CUM_DEATHS_NEW_METHODOLOGY": 8969
 },
 {
   "DATE": "2021-07-09",
   "CUM_DEATHS_NEW_METHODOLOGY": 8977
 },
 {
   "DATE": "2021-07-10",
   "CUM_DEATHS_NEW_METHODOLOGY": 8985
 },
 {
   "DATE": "2021-07-11",
   "CUM_DEATHS_NEW_METHODOLOGY": 8991
 },
 {
   "DATE": "2021-07-12",
   "CUM_DEATHS_NEW_METHODOLOGY": 8989
 },
 {
   "DATE": "2021-07-13",
   "CUM_DEATHS_NEW_METHODOLOGY": 8996
 },
 {
   "DATE": "2021-07-14",
   "CUM_DEATHS_NEW_METHODOLOGY": 9002
 },
 {
   "DATE": "2021-07-15",
   "CUM_DEATHS_NEW_METHODOLOGY": 9011
 },
 {
   "DATE": "2021-07-16",
   "CUM_DEATHS_NEW_METHODOLOGY": 9021
 },
 {
   "DATE": "2021-07-17",
   "CUM_DEATHS_NEW_METHODOLOGY": 9024
 },
 {
   "DATE": "2021-07-18",
   "CUM_DEATHS_NEW_METHODOLOGY": 9030
 },
 {
   "DATE": "2021-07-19",
   "CUM_DEATHS_NEW_METHODOLOGY": 9030
 },
 {
   "DATE": "2021-07-20",
   "CUM_DEATHS_NEW_METHODOLOGY": 9032
 },
 {
   "DATE": "2021-07-21",
   "CUM_DEATHS_NEW_METHODOLOGY": 9036
 },
 {
   "DATE": "2021-07-22",
   "CUM_DEATHS_NEW_METHODOLOGY": 9042
 },
 {
   "DATE": "2021-07-23",
   "CUM_DEATHS_NEW_METHODOLOGY": 9043
 },
 {
   "DATE": "2021-07-24",
   "CUM_DEATHS_NEW_METHODOLOGY": 9046
 },
 {
   "DATE": "2021-07-25",
   "CUM_DEATHS_NEW_METHODOLOGY": 9048
 },
 {
   "DATE": "2021-07-26",
   "CUM_DEATHS_NEW_METHODOLOGY": 9050
 },
 {
   "DATE": "2021-07-27",
   "CUM_DEATHS_NEW_METHODOLOGY": 9055
 },
 {
   "DATE": "2021-07-28",
   "CUM_DEATHS_NEW_METHODOLOGY": 9059
 },
 {
   "DATE": "2021-07-29",
   "CUM_DEATHS_NEW_METHODOLOGY": 9062
 },
 {
   "DATE": "2021-07-30",
   "CUM_DEATHS_NEW_METHODOLOGY": 9073
 },
 {
   "DATE": "2021-07-31",
   "CUM_DEATHS_NEW_METHODOLOGY": 9079
 },
 {
   "DATE": "2021-08-01",
   "CUM_DEATHS_NEW_METHODOLOGY": 9081
 },
 {
   "DATE": "2021-08-02",
   "CUM_DEATHS_NEW_METHODOLOGY": 9082
 },
 {
   "DATE": "2021-08-03",
   "CUM_DEATHS_NEW_METHODOLOGY": 9083
 },
 {
   "DATE": "2021-08-04",
   "CUM_DEATHS_NEW_METHODOLOGY": 9093
 },
 {
   "DATE": "2021-08-05",
   "CUM_DEATHS_NEW_METHODOLOGY": 9107
 },
 {
   "DATE": "2021-08-06",
   "CUM_DEATHS_NEW_METHODOLOGY": 9125
 },
 {
   "DATE": "2021-08-07",
   "CUM_DEATHS_NEW_METHODOLOGY": 9133
 },
 {
   "DATE": "2021-08-08",
   "CUM_DEATHS_NEW_METHODOLOGY": 9139
 },
 {
   "DATE": "2021-08-09",
   "CUM_DEATHS_NEW_METHODOLOGY": 9139
 },
 {
   "DATE": "2021-08-10",
   "CUM_DEATHS_NEW_METHODOLOGY": 9141
 },
 {
   "DATE": "2021-08-11",
   "CUM_DEATHS_NEW_METHODOLOGY": 9144
 },
 {
   "DATE": "2021-08-12",
   "CUM_DEATHS_NEW_METHODOLOGY": 9144
 },
 {
   "DATE": "2021-08-13",
   "CUM_DEATHS_NEW_METHODOLOGY": 9148
 },
 {
   "DATE": "2021-08-14",
   "CUM_DEATHS_NEW_METHODOLOGY": 9150
 },
 {
   "DATE": "2021-08-15",
   "CUM_DEATHS_NEW_METHODOLOGY": 9150
 },
 {
   "DATE": "2021-08-16",
   "CUM_DEATHS_NEW_METHODOLOGY": 9150
 },
 {
   "DATE": "2021-08-17",
   "CUM_DEATHS_NEW_METHODOLOGY": 9160
 },
 {
   "DATE": "2021-08-18",
   "CUM_DEATHS_NEW_METHODOLOGY": 9163
 },
 {
   "DATE": "2021-08-19",
   "CUM_DEATHS_NEW_METHODOLOGY": 9180
 },
 {
   "DATE": "2021-08-20",
   "CUM_DEATHS_NEW_METHODOLOGY": 9182
 },
 {
   "DATE": "2021-08-21",
   "CUM_DEATHS_NEW_METHODOLOGY": 9183
 },
 {
   "DATE": "2021-08-22",
   "CUM_DEATHS_NEW_METHODOLOGY": 9185
 },
 {
   "DATE": "2021-08-23",
   "CUM_DEATHS_NEW_METHODOLOGY": 9185
 },
 {
   "DATE": "2021-08-24",
   "CUM_DEATHS_NEW_METHODOLOGY": 9203
 },
 {
   "DATE": "2021-08-25",
   "CUM_DEATHS_NEW_METHODOLOGY": 9204
 },
 {
   "DATE": "2021-08-26",
   "CUM_DEATHS_NEW_METHODOLOGY": 9203
 },
 {
   "DATE": "2021-08-27",
   "CUM_DEATHS_NEW_METHODOLOGY": 9220
 },
 {
   "DATE": "2021-08-28",
   "CUM_DEATHS_NEW_METHODOLOGY": 9227
 },
 {
   "DATE": "2021-08-29",
   "CUM_DEATHS_NEW_METHODOLOGY": 9228
 },
 {
   "DATE": "2021-08-30",
   "CUM_DEATHS_NEW_METHODOLOGY": 9228
 },
 {
   "DATE": "2021-08-31",
   "CUM_DEATHS_NEW_METHODOLOGY": 9233
 },
 {
   "DATE": "2021-09-01",
   "CUM_DEATHS_NEW_METHODOLOGY": 9246
 },
 {
   "DATE": "2021-09-02",
   "CUM_DEATHS_NEW_METHODOLOGY": 9260
 },
 {
   "DATE": "2021-09-03",
   "CUM_DEATHS_NEW_METHODOLOGY": 9266
 },
 {
   "DATE": "2021-09-04",
   "CUM_DEATHS_NEW_METHODOLOGY": 9275
 },
 {
   "DATE": "2021-09-05",
   "CUM_DEATHS_NEW_METHODOLOGY": 9277
 },
 {
   "DATE": "2021-09-06",
   "CUM_DEATHS_NEW_METHODOLOGY": 9279
 },
 {
   "DATE": "2021-09-07",
   "CUM_DEATHS_NEW_METHODOLOGY": 9281
 },
 {
   "DATE": "2021-09-08",
   "CUM_DEATHS_NEW_METHODOLOGY": 9297
 },
 {
   "DATE": "2021-09-09",
   "CUM_DEATHS_NEW_METHODOLOGY": 9307
 },
 {
   "DATE": "2021-09-10",
   "CUM_DEATHS_NEW_METHODOLOGY": 9318
 },
 {
   "DATE": "2021-09-11",
   "CUM_DEATHS_NEW_METHODOLOGY": 9333
 },
 {
   "DATE": "2021-09-12",
   "CUM_DEATHS_NEW_METHODOLOGY": 9339
 },
 {
   "DATE": "2021-09-13",
   "CUM_DEATHS_NEW_METHODOLOGY": 9345
 },
 {
   "DATE": "2021-09-14",
   "CUM_DEATHS_NEW_METHODOLOGY": 9352
 },
 {
   "DATE": "2021-09-15",
   "CUM_DEATHS_NEW_METHODOLOGY": 9357
 },
 {
   "DATE": "2021-09-16",
   "CUM_DEATHS_NEW_METHODOLOGY": 9358
 },
 {
   "DATE": "2021-09-17",
   "CUM_DEATHS_NEW_METHODOLOGY": 9363
 },
 {
   "DATE": "2021-09-18",
   "CUM_DEATHS_NEW_METHODOLOGY": 9373
 },
 {
   "DATE": "2021-09-19",
   "CUM_DEATHS_NEW_METHODOLOGY": 9379
 },
 {
   "DATE": "2021-09-20",
   "CUM_DEATHS_NEW_METHODOLOGY": 9381
 },
 {
   "DATE": "2021-09-21",
   "CUM_DEATHS_NEW_METHODOLOGY": 9388
 },
 {
   "DATE": "2021-09-22",
   "CUM_DEATHS_NEW_METHODOLOGY": 9395
 },
 {
   "DATE": "2021-09-23",
   "CUM_DEATHS_NEW_METHODOLOGY": 9402
 },
 {
   "DATE": "2021-09-24",
   "CUM_DEATHS_NEW_METHODOLOGY": 9412
 },
 {
   "DATE": "2021-09-25",
   "CUM_DEATHS_NEW_METHODOLOGY": 9422
 },
 {
   "DATE": "2021-09-26",
   "CUM_DEATHS_NEW_METHODOLOGY": 9428
 },
 {
   "DATE": "2021-09-27",
   "CUM_DEATHS_NEW_METHODOLOGY": 9427
 },
 {
   "DATE": "2021-09-28",
   "CUM_DEATHS_NEW_METHODOLOGY": 9438
 },
 {
   "DATE": "2021-09-29",
   "CUM_DEATHS_NEW_METHODOLOGY": 9445
 },
 {
   "DATE": "2021-09-30",
   "CUM_DEATHS_NEW_METHODOLOGY": 9453
 },
 {
   "DATE": "2021-10-01",
   "CUM_DEATHS_NEW_METHODOLOGY": 9464
 },
 {
   "DATE": "2021-10-02",
   "CUM_DEATHS_NEW_METHODOLOGY": 9470
 },
 {
   "DATE": "2021-10-03",
   "CUM_DEATHS_NEW_METHODOLOGY": 9471
 },
 {
   "DATE": "2021-10-04",
   "CUM_DEATHS_NEW_METHODOLOGY": 9473
 },
 {
   "DATE": "2021-10-05",
   "CUM_DEATHS_NEW_METHODOLOGY": 9476
 },
 {
   "DATE": "2021-10-06",
   "CUM_DEATHS_NEW_METHODOLOGY": 9490
 },
 {
   "DATE": "2021-10-07",
   "CUM_DEATHS_NEW_METHODOLOGY": 9495
 },
 {
   "DATE": "2021-10-08",
   "CUM_DEATHS_NEW_METHODOLOGY": 9504
 },
 {
   "DATE": "2021-10-09",
   "CUM_DEATHS_NEW_METHODOLOGY": 9506
 },
 {
   "DATE": "2021-10-10",
   "CUM_DEATHS_NEW_METHODOLOGY": 9508
 },
 {
   "DATE": "2021-10-11",
   "CUM_DEATHS_NEW_METHODOLOGY": 9510
 },
 {
   "DATE": "2021-10-12",
   "CUM_DEATHS_NEW_METHODOLOGY": 9510
 },
 {
   "DATE": "2021-10-13",
   "CUM_DEATHS_NEW_METHODOLOGY": 9522
 },
 {
   "DATE": "2021-10-14",
   "CUM_DEATHS_NEW_METHODOLOGY": 9525
 },
 {
   "DATE": "2021-10-15",
   "CUM_DEATHS_NEW_METHODOLOGY": 9527
 },
 {
   "DATE": "2021-10-16",
   "CUM_DEATHS_NEW_METHODOLOGY": 9532
 },
 {
   "DATE": "2021-10-17",
   "CUM_DEATHS_NEW_METHODOLOGY": 9531
 },
 {
   "DATE": "2021-10-18",
   "CUM_DEATHS_NEW_METHODOLOGY": 9533
 },
 {
   "DATE": "2021-10-19",
   "CUM_DEATHS_NEW_METHODOLOGY": 9537
 },
 {
   "DATE": "2021-10-20",
   "CUM_DEATHS_NEW_METHODOLOGY": 9541
 },
 {
   "DATE": "2021-10-21",
   "CUM_DEATHS_NEW_METHODOLOGY": 9545
 },
 {
   "DATE": "2021-10-22",
   "CUM_DEATHS_NEW_METHODOLOGY": 9557
 },
 {
   "DATE": "2021-10-23",
   "CUM_DEATHS_NEW_METHODOLOGY": 9563
 },
 {
   "DATE": "2021-10-24",
   "CUM_DEATHS_NEW_METHODOLOGY": 9564
 },
 {
   "DATE": "2021-10-25",
   "CUM_DEATHS_NEW_METHODOLOGY": 9564
 },
 {
   "DATE": "2021-10-26",
   "CUM_DEATHS_NEW_METHODOLOGY": 9569
 },
 {
   "DATE": "2021-10-27",
   "CUM_DEATHS_NEW_METHODOLOGY": 9579
 },
 {
   "DATE": "2021-10-28",
   "CUM_DEATHS_NEW_METHODOLOGY": 9582
 },
 {
   "DATE": "2021-10-29",
   "CUM_DEATHS_NEW_METHODOLOGY": 9582
 },
 {
   "DATE": "2021-10-30",
   "CUM_DEATHS_NEW_METHODOLOGY": 9586
 },
 {
   "DATE": "2021-10-31",
   "CUM_DEATHS_NEW_METHODOLOGY": 9588
 },
 {
   "DATE": "2021-11-01",
   "CUM_DEATHS_NEW_METHODOLOGY": 9591
 },
 {
   "DATE": "2021-11-02",
   "CUM_DEATHS_NEW_METHODOLOGY": 9597
 },
 {
   "DATE": "2021-11-03",
   "CUM_DEATHS_NEW_METHODOLOGY": 9602
 },
 {
   "DATE": "2021-11-04",
   "CUM_DEATHS_NEW_METHODOLOGY": 9607
 },
 {
   "DATE": "2021-11-05",
   "CUM_DEATHS_NEW_METHODOLOGY": 9611
 },
 {
   "DATE": "2021-11-06",
   "CUM_DEATHS_NEW_METHODOLOGY": 9611
 },
 {
   "DATE": "2021-11-07",
   "CUM_DEATHS_NEW_METHODOLOGY": 9612
 },
 {
   "DATE": "2021-11-08",
   "CUM_DEATHS_NEW_METHODOLOGY": 9614
 },
 {
   "DATE": "2021-11-09",
   "CUM_DEATHS_NEW_METHODOLOGY": 9617
 },
 {
   "DATE": "2021-11-10",
   "CUM_DEATHS_NEW_METHODOLOGY": 9626
 },
 {
   "DATE": "2021-11-11",
   "CUM_DEATHS_NEW_METHODOLOGY": 9630
 },
 {
   "DATE": "2021-11-12",
   "CUM_DEATHS_NEW_METHODOLOGY": 9634
 },
 {
   "DATE": "2021-11-13",
   "CUM_DEATHS_NEW_METHODOLOGY": 9640
 },
 {
   "DATE": "2021-11-14",
   "CUM_DEATHS_NEW_METHODOLOGY": 9647
 },
 {
   "DATE": "2021-11-15",
   "CUM_DEATHS_NEW_METHODOLOGY": 9650
 },
 {
   "DATE": "2021-11-16",
   "CUM_DEATHS_NEW_METHODOLOGY": 9651
 },
 {
   "DATE": "2021-11-17",
   "CUM_DEATHS_NEW_METHODOLOGY": 9663
 },
 {
   "DATE": "2021-11-18",
   "CUM_DEATHS_NEW_METHODOLOGY": 9667
 },
 {
   "DATE": "2021-11-19",
   "CUM_DEATHS_NEW_METHODOLOGY": 9671
 },
 {
   "DATE": "2021-11-20",
   "CUM_DEATHS_NEW_METHODOLOGY": 9676
 },
 {
   "DATE": "2021-11-21",
   "CUM_DEATHS_NEW_METHODOLOGY": 9679
 },
 {
   "DATE": "2021-11-22",
   "CUM_DEATHS_NEW_METHODOLOGY": 9680
 },
 {
   "DATE": "2021-11-23",
   "CUM_DEATHS_NEW_METHODOLOGY": 9686
 },
 {
   "DATE": "2021-11-24",
   "CUM_DEATHS_NEW_METHODOLOGY": 9693
 },
 {
   "DATE": "2021-11-25",
   "CUM_DEATHS_NEW_METHODOLOGY": 9697
 },
 {
   "DATE": "2021-11-26",
   "CUM_DEATHS_NEW_METHODOLOGY": 9703
 },
 {
   "DATE": "2021-11-27",
   "CUM_DEATHS_NEW_METHODOLOGY": 9705
 },
 {
   "DATE": "2021-11-28",
   "CUM_DEATHS_NEW_METHODOLOGY": 9706
 },
 {
   "DATE": "2021-11-29",
   "CUM_DEATHS_NEW_METHODOLOGY": 9709
 },
 {
   "DATE": "2021-11-30",
   "CUM_DEATHS_NEW_METHODOLOGY": 9712
 },
 {
   "DATE": "2021-12-01",
   "CUM_DEATHS_NEW_METHODOLOGY": 9716
 },
 {
   "DATE": "2021-12-02",
   "CUM_DEATHS_NEW_METHODOLOGY": 9723
 },
 {
   "DATE": "2021-12-03",
   "CUM_DEATHS_NEW_METHODOLOGY": 9727
 },
 {
   "DATE": "2021-12-04",
   "CUM_DEATHS_NEW_METHODOLOGY": 9734
 },
 {
   "DATE": "2021-12-05",
   "CUM_DEATHS_NEW_METHODOLOGY": 9734
 },
 {
   "DATE": "2021-12-06",
   "CUM_DEATHS_NEW_METHODOLOGY": 9737
 },
 {
   "DATE": "2021-12-07",
   "CUM_DEATHS_NEW_METHODOLOGY": 9746
 },
 {
   "DATE": "2021-12-08",
   "CUM_DEATHS_NEW_METHODOLOGY": 9754
 },
 {
   "DATE": "2021-12-09",
   "CUM_DEATHS_NEW_METHODOLOGY": 9764
 },
 {
   "DATE": "2021-12-10",
   "CUM_DEATHS_NEW_METHODOLOGY": 9775
 },
 {
   "DATE": "2021-12-11",
   "CUM_DEATHS_NEW_METHODOLOGY": 9780
 },
 {
   "DATE": "2021-12-12",
   "CUM_DEATHS_NEW_METHODOLOGY": 9788
 },
 {
   "DATE": "2021-12-13",
   "CUM_DEATHS_NEW_METHODOLOGY": 9789
 },
 {
   "DATE": "2021-12-14",
   "CUM_DEATHS_NEW_METHODOLOGY": 9794
 },
 {
   "DATE": "2021-12-15",
   "CUM_DEATHS_NEW_METHODOLOGY": 9803
 },
 {
   "DATE": "2021-12-16",
   "CUM_DEATHS_NEW_METHODOLOGY": 9812
 },
 {
   "DATE": "2021-12-17",
   "CUM_DEATHS_NEW_METHODOLOGY": 9817
 },
 {
   "DATE": "2021-12-18",
   "CUM_DEATHS_NEW_METHODOLOGY": 9820
 },
 {
   "DATE": "2021-12-19",
   "CUM_DEATHS_NEW_METHODOLOGY": 9822
 },
 {
   "DATE": "2021-12-20",
   "CUM_DEATHS_NEW_METHODOLOGY": 9822
 },
 {
   "DATE": "2021-12-21",
   "CUM_DEATHS_NEW_METHODOLOGY": 9832
 },
 {
   "DATE": "2021-12-22",
   "CUM_DEATHS_NEW_METHODOLOGY": 9842
 },
 {
   "DATE": "2021-12-23",
   "CUM_DEATHS_NEW_METHODOLOGY": 9848
 },
 {
   "DATE": "2021-12-24",
   "CUM_DEATHS_NEW_METHODOLOGY": 9854
 },
 {
   "DATE": "2021-12-25",
   "CUM_DEATHS_NEW_METHODOLOGY": 9857
 },
 {
   "DATE": "2021-12-26",
   "CUM_DEATHS_NEW_METHODOLOGY": 9864
 },
 {
   "DATE": "2021-12-27",
   "CUM_DEATHS_NEW_METHODOLOGY": 9868
 },
 {
   "DATE": "2021-12-28",
   "CUM_DEATHS_NEW_METHODOLOGY": 9875
 },
 {
   "DATE": "2021-12-29",
   "CUM_DEATHS_NEW_METHODOLOGY": 9876
 },
 {
   "DATE": "2021-12-30",
   "CUM_DEATHS_NEW_METHODOLOGY": 9884
 },
 {
   "DATE": "2021-12-31",
   "CUM_DEATHS_NEW_METHODOLOGY": 9899
 },
 {
   "DATE": "2022-01-01",
   "CUM_DEATHS_NEW_METHODOLOGY": 9910
 },
 {
   "DATE": "2022-01-02",
   "CUM_DEATHS_NEW_METHODOLOGY": 9925
 },
 {
   "DATE": "2022-01-03",
   "CUM_DEATHS_NEW_METHODOLOGY": 9929
 },
 {
   "DATE": "2022-01-04",
   "CUM_DEATHS_NEW_METHODOLOGY": 9937
 },
 {
   "DATE": "2022-01-05",
   "CUM_DEATHS_NEW_METHODOLOGY": 9949
 },
 {
   "DATE": "2022-01-06",
   "CUM_DEATHS_NEW_METHODOLOGY": 9967
 },
 {
   "DATE": "2022-01-07",
   "CUM_DEATHS_NEW_METHODOLOGY": 10010
 },
 {
   "DATE": "2022-01-08",
   "CUM_DEATHS_NEW_METHODOLOGY": 10038
 },
 {
   "DATE": "2022-01-09",
   "CUM_DEATHS_NEW_METHODOLOGY": 10056
 },
 {
   "DATE": "2022-01-10",
   "CUM_DEATHS_NEW_METHODOLOGY": 10062
 },
 {
   "DATE": "2022-01-11",
   "CUM_DEATHS_NEW_METHODOLOGY": 10078
 },
 {
   "DATE": "2022-01-12",
   "CUM_DEATHS_NEW_METHODOLOGY": 10119
 },
 {
   "DATE": "2022-01-13",
   "CUM_DEATHS_NEW_METHODOLOGY": 10152
 },
 {
   "DATE": "2022-01-14",
   "CUM_DEATHS_NEW_METHODOLOGY": 10185
 },
 {
   "DATE": "2022-01-15",
   "CUM_DEATHS_NEW_METHODOLOGY": 10223
 },
 {
   "DATE": "2022-01-16",
   "CUM_DEATHS_NEW_METHODOLOGY": 10260
 },
 {
   "DATE": "2022-01-17",
   "CUM_DEATHS_NEW_METHODOLOGY": 10272
 },
 {
   "DATE": "2022-01-18",
   "CUM_DEATHS_NEW_METHODOLOGY": 10304
 },
 {
   "DATE": "2022-01-19",
   "CUM_DEATHS_NEW_METHODOLOGY": 10357
 },
 {
   "DATE": "2022-01-20",
   "CUM_DEATHS_NEW_METHODOLOGY": 10425
 },
 {
   "DATE": "2022-01-21",
   "CUM_DEATHS_NEW_METHODOLOGY": 10486
 },
 {
   "DATE": "2022-01-22",
   "CUM_DEATHS_NEW_METHODOLOGY": 10527
 },
 {
   "DATE": "2022-01-23",
   "CUM_DEATHS_NEW_METHODOLOGY": 10580
 },
 {
   "DATE": "2022-01-24",
   "CUM_DEATHS_NEW_METHODOLOGY": 10614
 },
 {
   "DATE": "2022-01-25",
   "CUM_DEATHS_NEW_METHODOLOGY": 10672
 },
 {
   "DATE": "2022-01-26",
   "CUM_DEATHS_NEW_METHODOLOGY": 10761
 },
 {
   "DATE": "2022-01-27",
   "CUM_DEATHS_NEW_METHODOLOGY": 10828
 },
 {
   "DATE": "2022-01-28",
   "CUM_DEATHS_NEW_METHODOLOGY": 10895
 },
 {
   "DATE": "2022-01-29",
   "CUM_DEATHS_NEW_METHODOLOGY": 10945
 },
 {
   "DATE": "2022-01-30",
   "CUM_DEATHS_NEW_METHODOLOGY": 10998
 },
 {
   "DATE": "2022-01-31",
   "CUM_DEATHS_NEW_METHODOLOGY": 11025
 },
 {
   "DATE": "2022-02-01",
   "CUM_DEATHS_NEW_METHODOLOGY": 11078
 },
 {
   "DATE": "2022-02-02",
   "CUM_DEATHS_NEW_METHODOLOGY": 11147
 },
 {
   "DATE": "2022-02-03",
   "CUM_DEATHS_NEW_METHODOLOGY": 11219
 },
 {
   "DATE": "2022-02-04",
   "CUM_DEATHS_NEW_METHODOLOGY": 11272
 },
 {
   "DATE": "2022-02-05",
   "CUM_DEATHS_NEW_METHODOLOGY": 11329
 },
 {
   "DATE": "2022-02-06",
   "CUM_DEATHS_NEW_METHODOLOGY": 11382
 },
 {
   "DATE": "2022-02-07",
   "CUM_DEATHS_NEW_METHODOLOGY": 11392
 },
 {
   "DATE": "2022-02-08",
   "CUM_DEATHS_NEW_METHODOLOGY": 11431
 },
 {
   "DATE": "2022-02-09",
   "CUM_DEATHS_NEW_METHODOLOGY": 11493
 },
 {
   "DATE": "2022-02-10",
   "CUM_DEATHS_NEW_METHODOLOGY": 11536
 },
 {
   "DATE": "2022-02-11",
   "CUM_DEATHS_NEW_METHODOLOGY": 11585
 },
 {
   "DATE": "2022-02-12",
   "CUM_DEATHS_NEW_METHODOLOGY": 11615
 },
 {
   "DATE": "2022-02-13",
   "CUM_DEATHS_NEW_METHODOLOGY": 11632
 },
 {
   "DATE": "2022-02-14",
   "CUM_DEATHS_NEW_METHODOLOGY": 11639
 },
 {
   "DATE": "2022-02-15",
   "CUM_DEATHS_NEW_METHODOLOGY": 11656
 },
 {
   "DATE": "2022-02-16",
   "CUM_DEATHS_NEW_METHODOLOGY": 11702
 },
 {
   "DATE": "2022-02-17",
   "CUM_DEATHS_NEW_METHODOLOGY": 11738
 },
 {
   "DATE": "2022-02-18",
   "CUM_DEATHS_NEW_METHODOLOGY": 11770
 },
 {
   "DATE": "2022-02-19",
   "CUM_DEATHS_NEW_METHODOLOGY": 11777
 },
 {
   "DATE": "2022-02-20",
   "CUM_DEATHS_NEW_METHODOLOGY": 11794
 },
 {
   "DATE": "2022-02-21",
   "CUM_DEATHS_NEW_METHODOLOGY": 11808
 },
 {
   "DATE": "2022-02-22",
   "CUM_DEATHS_NEW_METHODOLOGY": 11814
 },
 {
   "DATE": "2022-02-23",
   "CUM_DEATHS_NEW_METHODOLOGY": 11829
 },
 {
   "DATE": "2022-02-24",
   "CUM_DEATHS_NEW_METHODOLOGY": 11868
 },
 {
   "DATE": "2022-02-25",
   "CUM_DEATHS_NEW_METHODOLOGY": 11906
 },
 {
   "DATE": "2022-02-26",
   "CUM_DEATHS_NEW_METHODOLOGY": 11939
 },
 {
   "DATE": "2022-02-27",
   "CUM_DEATHS_NEW_METHODOLOGY": 11948
 },
 {
   "DATE": "2022-02-28",
   "CUM_DEATHS_NEW_METHODOLOGY": 11951
 },
 {
   "DATE": "2022-03-01",
   "CUM_DEATHS_NEW_METHODOLOGY": 11968
 },
 {
   "DATE": "2022-03-02",
   "CUM_DEATHS_NEW_METHODOLOGY": 11994
 },
 {
   "DATE": "2022-03-03",
   "CUM_DEATHS_NEW_METHODOLOGY": 12013
 },
 {
   "DATE": "2022-03-04",
   "CUM_DEATHS_NEW_METHODOLOGY": 12041
 },
 {
   "DATE": "2022-03-05",
   "CUM_DEATHS_NEW_METHODOLOGY": 12062
 },
 {
   "DATE": "2022-03-06",
   "CUM_DEATHS_NEW_METHODOLOGY": 12082
 },
 {
   "DATE": "2022-03-07",
   "CUM_DEATHS_NEW_METHODOLOGY": 12086
 },
 {
   "DATE": "2022-03-08",
   "CUM_DEATHS_NEW_METHODOLOGY": 12102
 },
 {
   "DATE": "2022-03-09",
   "CUM_DEATHS_NEW_METHODOLOGY": 12129
 },
 {
   "DATE": "2022-03-10",
   "CUM_DEATHS_NEW_METHODOLOGY": 12149
 },
 {
   "DATE": "2022-03-11",
   "CUM_DEATHS_NEW_METHODOLOGY": 12227
 },
 {
   "DATE": "2022-03-12",
   "CUM_DEATHS_NEW_METHODOLOGY": 12247
 },
 {
   "DATE": "2022-03-13",
   "CUM_DEATHS_NEW_METHODOLOGY": 12256
 },
 {
   "DATE": "2022-03-14",
   "CUM_DEATHS_NEW_METHODOLOGY": 12256
 },
 {
   "DATE": "2022-03-15",
   "CUM_DEATHS_NEW_METHODOLOGY": 12272
 },
 {
   "DATE": "2022-03-16",
   "CUM_DEATHS_NEW_METHODOLOGY": 12288
 },
 {
   "DATE": "2022-03-17",
   "CUM_DEATHS_NEW_METHODOLOGY": 12307
 },
 {
   "DATE": "2022-03-18",
   "CUM_DEATHS_NEW_METHODOLOGY": 12313
 },
 {
   "DATE": "2022-03-19",
   "CUM_DEATHS_NEW_METHODOLOGY": 12329
 },
 {
   "DATE": "2022-03-20",
   "CUM_DEATHS_NEW_METHODOLOGY": 12332
 },
 {
   "DATE": "2022-03-21",
   "CUM_DEATHS_NEW_METHODOLOGY": 12336
 },
 {
   "DATE": "2022-03-22",
   "CUM_DEATHS_NEW_METHODOLOGY": 12343
 },
 {
   "DATE": "2022-03-23",
   "CUM_DEATHS_NEW_METHODOLOGY": 12356
 },
 {
   "DATE": "2022-03-24",
   "CUM_DEATHS_NEW_METHODOLOGY": 12366
 },
 {
   "DATE": "2022-03-25",
   "CUM_DEATHS_NEW_METHODOLOGY": 12388
 },
 {
   "DATE": "2022-03-26",
   "CUM_DEATHS_NEW_METHODOLOGY": 12397
 },
 {
   "DATE": "2022-03-27",
   "CUM_DEATHS_NEW_METHODOLOGY": 12401
 },
 {
   "DATE": "2022-03-28",
   "CUM_DEATHS_NEW_METHODOLOGY": 12405
 },
 {
   "DATE": "2022-03-29",
   "CUM_DEATHS_NEW_METHODOLOGY": 12414
 },
 {
   "DATE": "2022-03-30",
   "CUM_DEATHS_NEW_METHODOLOGY": 12427
 },
 {
   "DATE": "2022-03-31",
   "CUM_DEATHS_NEW_METHODOLOGY": 12433
 },
 {
   "DATE": "2022-04-01",
   "CUM_DEATHS_NEW_METHODOLOGY": 12451
 },
 {
   "DATE": "2022-04-02",
   "CUM_DEATHS_NEW_METHODOLOGY": 12460
 },
 {
   "DATE": "2022-04-03",
   "CUM_DEATHS_NEW_METHODOLOGY": 12470
 },
 {
   "DATE": "2022-04-04",
   "CUM_DEATHS_NEW_METHODOLOGY": 12470
 },
 {
   "DATE": "2022-04-05",
   "CUM_DEATHS_NEW_METHODOLOGY": 12479
 },
 {
   "DATE": "2022-04-06",
   "CUM_DEATHS_NEW_METHODOLOGY": 12511
 },
 {
   "DATE": "2022-04-07",
   "CUM_DEATHS_NEW_METHODOLOGY": 12527
 },
 {
   "DATE": "2022-04-08",
   "CUM_DEATHS_NEW_METHODOLOGY": 12537
 },
 {
   "DATE": "2022-04-09",
   "CUM_DEATHS_NEW_METHODOLOGY": 12548
 },
 {
   "DATE": "2022-04-10",
   "CUM_DEATHS_NEW_METHODOLOGY": 12563
 },
 {
   "DATE": "2022-04-11",
   "CUM_DEATHS_NEW_METHODOLOGY": 12566
 },
 {
   "DATE": "2022-04-12",
   "CUM_DEATHS_NEW_METHODOLOGY": 12570
 },
 {
   "DATE": "2022-04-13",
   "CUM_DEATHS_NEW_METHODOLOGY": 12583
 },
 {
   "DATE": "2022-04-14",
   "CUM_DEATHS_NEW_METHODOLOGY": 12606
 },
 {
   "DATE": "2022-04-15",
   "CUM_DEATHS_NEW_METHODOLOGY": 12619
 },
 {
   "DATE": "2022-04-16",
   "CUM_DEATHS_NEW_METHODOLOGY": 12629
 },
 {
   "DATE": "2022-04-17",
   "CUM_DEATHS_NEW_METHODOLOGY": 12630
 },
 {
   "DATE": "2022-04-18",
   "CUM_DEATHS_NEW_METHODOLOGY": 12632
 },
 {
   "DATE": "2022-04-19",
   "CUM_DEATHS_NEW_METHODOLOGY": 12633
 },
 {
   "DATE": "2022-04-20",
   "CUM_DEATHS_NEW_METHODOLOGY": 12661
 },
 {
   "DATE": "2022-04-21",
   "CUM_DEATHS_NEW_METHODOLOGY": 12678
 },
 {
   "DATE": "2022-04-22",
   "CUM_DEATHS_NEW_METHODOLOGY": 12704
 },
 {
   "DATE": "2022-04-23",
   "CUM_DEATHS_NEW_METHODOLOGY": 12728
 },
 {
   "DATE": "2022-04-24",
   "CUM_DEATHS_NEW_METHODOLOGY": 12734
 },
 {
   "DATE": "2022-04-25",
   "CUM_DEATHS_NEW_METHODOLOGY": 12736
 },
 {
   "DATE": "2022-04-26",
   "CUM_DEATHS_NEW_METHODOLOGY": 12750
 },
 {
   "DATE": "2022-04-27",
   "CUM_DEATHS_NEW_METHODOLOGY": 12772
 },
 {
   "DATE": "2022-04-28",
   "CUM_DEATHS_NEW_METHODOLOGY": 12792
 },
 {
   "DATE": "2022-04-29",
   "CUM_DEATHS_NEW_METHODOLOGY": 12812
 },
 {
   "DATE": "2022-04-30",
   "CUM_DEATHS_NEW_METHODOLOGY": 12825
 },
 {
   "DATE": "2022-05-01",
   "CUM_DEATHS_NEW_METHODOLOGY": 12842
 },
 {
   "DATE": "2022-05-02",
   "CUM_DEATHS_NEW_METHODOLOGY": 12842
 },
 {
   "DATE": "2022-05-03",
   "CUM_DEATHS_NEW_METHODOLOGY": 12858
 },
 {
   "DATE": "2022-05-04",
   "CUM_DEATHS_NEW_METHODOLOGY": 12889
 },
 {
   "DATE": "2022-05-05",
   "CUM_DEATHS_NEW_METHODOLOGY": 12921
 },
 {
   "DATE": "2022-05-06",
   "CUM_DEATHS_NEW_METHODOLOGY": 12938
 },
 {
   "DATE": "2022-05-07",
   "CUM_DEATHS_NEW_METHODOLOGY": 12962
 },
 {
   "DATE": "2022-05-08",
   "CUM_DEATHS_NEW_METHODOLOGY": 12972
 },
 {
   "DATE": "2022-05-09",
   "CUM_DEATHS_NEW_METHODOLOGY": 12972
 },
 {
   "DATE": "2022-05-10",
   "CUM_DEATHS_NEW_METHODOLOGY": 12991
 },
 {
   "DATE": "2022-05-11",
   "CUM_DEATHS_NEW_METHODOLOGY": 13020
 },
 {
   "DATE": "2022-05-12",
   "CUM_DEATHS_NEW_METHODOLOGY": 13034
 },
 {
   "DATE": "2022-05-13",
   "CUM_DEATHS_NEW_METHODOLOGY": 13052
 },
 {
   "DATE": "2022-05-14",
   "CUM_DEATHS_NEW_METHODOLOGY": 13063
 },
 {
   "DATE": "2022-05-15",
   "CUM_DEATHS_NEW_METHODOLOGY": 13070
 },
 {
   "DATE": "2022-05-16",
   "CUM_DEATHS_NEW_METHODOLOGY": 13072
 },
 {
   "DATE": "2022-05-17",
   "CUM_DEATHS_NEW_METHODOLOGY": 13083
 },
 {
   "DATE": "2022-05-18",
   "CUM_DEATHS_NEW_METHODOLOGY": 13099
 },
 {
   "DATE": "2022-05-19",
   "CUM_DEATHS_NEW_METHODOLOGY": 13122
 },
 {
   "DATE": "2022-05-20",
   "CUM_DEATHS_NEW_METHODOLOGY": 13146
 },
 {
   "DATE": "2022-05-21",
   "CUM_DEATHS_NEW_METHODOLOGY": 13159
 }
]
